Generator Name , 06/16/2023 Status , 03/14/2019 Status ,Description
CABEZON_WIND1,In-Service,Out-Of-Service,Changed
PANDA_S_SHER1CT1,In-Service,Out-Of-Service,Changed
CABEZON_WIND2,In-Service,Out-Of-Service,Changed
MIRAGE_GEN_0001,In-Service,Out-Of-Service,Changed
PANDA_S_SHER1CT2,In-Service,Out-Of-Service,Changed
AMOCOOIL_AMOCO_S2,Out-Of-Service,In-Service,Changed
WAP_WAP_G8,,In-Service,Missing-In-Today
FORMOSA_FORMOSG4,,In-Service,Missing-In-Today
OKLA_OKLA_G1,,In-Service,Missing-In-Today
BRAZ_WND_WND1,,In-Service,Missing-In-Today
DC_EGPS_DC_EGPSG1,,In-Service,Missing-In-Today
DECKER_DPG1,,In-Service,Missing-In-Today
CHE_GT2,,In-Service,Missing-In-Today
BYU_BYU_G2,,In-Service,Missing-In-Today
OCI_ALM1_ASTRO1,,In-Service,Missing-In-Today
CANYHY_CANYHYG2,,In-Service,Missing-In-Today
RAYBURN_RAYBURG2,,In-Service,Missing-In-Today
PC_SOUTH_PANTHER3,,In-Service,Missing-In-Today
FORMOSA_FORMOSG9,,In-Service,Missing-In-Today
INDNENR_INDNENR_2,,In-Service,Missing-In-Today
LV1_LV1B,,In-Service,Missing-In-Today
BRISCOE_WIND,,In-Service,Missing-In-Today
CANYHY_CANYHYG1,,In-Service,Missing-In-Today
TGF_TGFGT_1,,In-Service,Missing-In-Today
MCDLD_SBW1,,In-Service,Missing-In-Today
DC_EGPS_BL_EAGLE,,In-Service,Missing-In-Today
KEO_KEO_SM1,,In-Service,Missing-In-Today
ENAS_ENA1,,In-Service,Missing-In-Today
SWEETWN4_WND5,,In-Service,Missing-In-Today
INDNENR_INDNENR,,In-Service,Missing-In-Today
BRAZ_WND_WND2,,In-Service,Missing-In-Today
OLINGR_OLING_1,,In-Service,Missing-In-Today
WAYMARK_UNIT1,,In-Service,Missing-In-Today
SW_MESA_SW_MESA,,In-Service,Missing-In-Today
INDNENR_UNIT_1B,,In-Service,Missing-In-Today
GIBCRK_GIB_CRG1,,In-Service,Missing-In-Today
HHOLLOW4_WND1,,In-Service,Missing-In-Today
INDNENR_UNIT_2B,,In-Service,Missing-In-Today
RAYBURN_RAYBURG1,,In-Service,Missing-In-Today
PHILLWND_UNIT1,In-Service,,Missing-From-Yesterday
PISGAH_SOLAR2,In-Service,,Missing-From-Yesterday
AVIATOR_UNIT2,In-Service,,Missing-From-Yesterday
NEDIN_NEDIN_G3,In-Service,,Missing-From-Yesterday
FOARDCTY_UNIT1,In-Service,,Missing-From-Yesterday
SAGEDRAW_UNIT2,In-Service,,Missing-From-Yesterday
TXCTY_CTC,In-Service,,Missing-From-Yesterday
TI_SOLAR_UNIT1,In-Service,,Missing-From-Yesterday
VENADO_UNIT1,In-Service,,Missing-From-Yesterday
VICTPORT_CTG01,In-Service,,Missing-From-Yesterday
TAYGETE2_UNIT1,In-Service,,Missing-From-Yesterday
FRONT_EC_CT2,Out-Of-Service,,Missing-From-Yesterday
FLVABES1_FLATU1,In-Service,,Missing-From-Yesterday
BLACKJAK_UNIT1,In-Service,,Missing-From-Yesterday
GAMBIT_BESS1,In-Service,,Missing-From-Yesterday
TOPAZ_UNIT2,In-Service,,Missing-From-Yesterday
WH_WIND_UNIT2,In-Service,,Missing-From-Yesterday
NCO_ESS1,In-Service,,Missing-From-Yesterday
AGUAYO_UNIT1,In-Service,,Missing-From-Yesterday
DEWOLF_UNIT1,In-Service,,Missing-From-Yesterday
NOBLESLR_BESS1,In-Service,,Missing-From-Yesterday
RIPPEY_UNIT1,In-Service,,Missing-From-Yesterday
LMAJADAS_UNIT3,In-Service,,Missing-From-Yesterday
WILDWIND_UNIT4,In-Service,,Missing-From-Yesterday
SPTX12B_BES1,In-Service,,Missing-From-Yesterday
ELARA_SL_UNIT1,In-Service,,Missing-From-Yesterday
ARAGORN_UNIT1,In-Service,,Missing-From-Yesterday
HI_LONEB_BESS1,In-Service,,Missing-From-Yesterday
AQUILLA_U2_28,In-Service,,Missing-From-Yesterday
HEIGHTTN_UNIT1,In-Service,,Missing-From-Yesterday
HLSES_UNIT3,In-Service,,Missing-From-Yesterday
MV_VALV4_BESS,In-Service,,Missing-From-Yesterday
LACY_CRK_UNIT1,In-Service,,Missing-From-Yesterday
FORMOSA_FORMOSG15,In-Service,,Missing-From-Yesterday
MAVCRK_W_UNIT4,In-Service,,Missing-From-Yesterday
ANCHOR_WIND2,In-Service,,Missing-From-Yesterday
CITYVICT_CTG02,In-Service,,Missing-From-Yesterday
CORAZON_UNIT1,In-Service,,Missing-From-Yesterday
MCDLD_SB4_G87,In-Service,,Missing-From-Yesterday
PRTLAVS_BESS1,In-Service,,Missing-From-Yesterday
ANCHOR_BESS1,In-Service,,Missing-From-Yesterday
CBY_CBY_G1,In-Service,,Missing-From-Yesterday
OBERON_UNIT_1,In-Service,,Missing-From-Yesterday
CALAVERS_JTD1,In-Service,,Missing-From-Yesterday
FOXTROT_UNIT2,In-Service,,Missing-From-Yesterday
ROSELAND_SOLAR3,In-Service,,Missing-From-Yesterday
BRP_PBL1_UNIT1,In-Service,,Missing-From-Yesterday
AMADEUS1_UNIT2,In-Service,,Missing-From-Yesterday
BRAZORIA_UNIT1,In-Service,,Missing-From-Yesterday
NOBLESLR_SOLAR1,In-Service,,Missing-From-Yesterday
LGDRAW_S_UNIT1_1,In-Service,,Missing-From-Yesterday
EIFSLR_UNIT1,In-Service,,Missing-From-Yesterday
HUD_CTG2,In-Service,,Missing-From-Yesterday
CROSSETT_BES1,In-Service,,Missing-From-Yesterday
BLSUMIT3_UNIT_25,In-Service,,Missing-From-Yesterday
TRUSGILL_UNIT2,In-Service,,Missing-From-Yesterday
WOODWRD1_WOODWRD1,In-Service,,Missing-From-Yesterday
CAMWIND_BESS1,In-Service,,Missing-From-Yesterday
N_ALAMO_BESS,In-Service,,Missing-From-Yesterday
KELAM_SL_UNIT1,In-Service,,Missing-From-Yesterday
JUNO_UNIT2,In-Service,,Missing-From-Yesterday
SILASRAY_SILAS_6,In-Service,,Missing-From-Yesterday
KARAKAW1_UNIT2,In-Service,,Missing-From-Yesterday
NF_BRP_BES1,In-Service,,Missing-From-Yesterday
ELLISSLR_UNIT1,In-Service,,Missing-From-Yesterday
EL_RAYO_UNIT2,In-Service,,Missing-From-Yesterday
CHALUPA_UNIT2,In-Service,,Missing-From-Yesterday
TGS_GT01,In-Service,,Missing-From-Yesterday
BRAUNIG_VHB6CT5,In-Service,,Missing-From-Yesterday
ALVIN_UNIT1,In-Service,,Missing-From-Yesterday
VANCOURT_UNIT1,In-Service,,Missing-From-Yesterday
WILDWIND_UNIT3,In-Service,,Missing-From-Yesterday
VERAWIND_UNIT1,In-Service,,Missing-From-Yesterday
BIG_STAR_UNIT2,In-Service,,Missing-From-Yesterday
TI_SOLAR_UNIT2,In-Service,,Missing-From-Yesterday
HHGT_HHOLLOW4,In-Service,,Missing-From-Yesterday
PYR_ESS2B,In-Service,,Missing-From-Yesterday
GEORSO_ESS_1,In-Service,,Missing-From-Yesterday
IMPACT_UNIT1,In-Service,,Missing-From-Yesterday
MASSENGL_G6,In-Service,,Missing-From-Yesterday
BYRDR_ES_BESS1,In-Service,,Missing-From-Yesterday
QUEEN_SL_SOLAR1,In-Service,,Missing-From-Yesterday
EUNICE_PV2,In-Service,,Missing-From-Yesterday
DAG_UNIT1,In-Service,,Missing-From-Yesterday
GREASWOD_UNIT2,In-Service,,Missing-From-Yesterday
QUEEN_BA_BESS1,In-Service,,Missing-From-Yesterday
PHILLWND_UNIT2,In-Service,,Missing-From-Yesterday
SPNCER_SPNCE_5,In-Service,,Missing-From-Yesterday
PEY_UNIT1,In-Service,,Missing-From-Yesterday
SUNVASLR_UNIT2,In-Service,,Missing-From-Yesterday
RIO_GRAN_BESS,In-Service,,Missing-From-Yesterday
COYOTE_W_UNIT1,In-Service,,Missing-From-Yesterday
YNG_WND_UNIT3,In-Service,,Missing-From-Yesterday
TAYGETE2_UNIT2,In-Service,,Missing-From-Yesterday
APPALOSA_UNIT1,In-Service,,Missing-From-Yesterday
CAPRIDG4_BB2_PV2,In-Service,,Missing-From-Yesterday
APOGEE_UNIT7,In-Service,,Missing-From-Yesterday
KARAKAW1_UNIT1,In-Service,,Missing-From-Yesterday
DSKYWND1_UNIT_1B,In-Service,,Missing-From-Yesterday
HARALD_UNIT1,In-Service,,Missing-From-Yesterday
PC_SOUTH_PANTH32,In-Service,,Missing-From-Yesterday
SBEAN_BESS,In-Service,,Missing-From-Yesterday
DIBOL_BESS,In-Service,,Missing-From-Yesterday
CN_BRKS_UNIT_1,In-Service,,Missing-From-Yesterday
YNG_WND_UNIT2,In-Service,,Missing-From-Yesterday
HI_LONE_WGR3,In-Service,,Missing-From-Yesterday
MARYNEAL_UNIT1,In-Service,,Missing-From-Yesterday
BOARDCRK_UNIT2,In-Service,,Missing-From-Yesterday
GALLOWAY_SOLAR1,In-Service,,Missing-From-Yesterday
NOVA1SLR_UNIT2,In-Service,,Missing-From-Yesterday
BARROW_UNIT2,In-Service,,Missing-From-Yesterday
RANCHERO_UNIT1,In-Service,,Missing-From-Yesterday
BRP_LOP1_UNIT1,In-Service,,Missing-From-Yesterday
PISGAH_SOLAR1,In-Service,,Missing-From-Yesterday
WOV_BESS_UNIT1,In-Service,,Missing-From-Yesterday
EGROVESL_UNIT1,In-Service,,Missing-From-Yesterday
BLUEJAY_UNIT2,In-Service,,Missing-From-Yesterday
AJAXWIND_UNIT1,In-Service,,Missing-From-Yesterday
X443ESS1_SWRI,In-Service,,Missing-From-Yesterday
VENADO_UNIT2,In-Service,,Missing-From-Yesterday
COYOTSPR_BESS,In-Service,,Missing-From-Yesterday
ALGODON_UNIT2,In-Service,,Missing-From-Yesterday
FRONT_EC_CT1,Out-Of-Service,,Missing-From-Yesterday
EL_RAYO_UNIT1,In-Service,,Missing-From-Yesterday
DSKYWND1_UNIT_1A,In-Service,,Missing-From-Yesterday
AQUILLA_U2_23,In-Service,,Missing-From-Yesterday
PRIDDY_UNIT2,In-Service,,Missing-From-Yesterday
RELOJ_UNIT4,In-Service,,Missing-From-Yesterday
RVRVLYS_ESS2,In-Service,,Missing-From-Yesterday
BCK_UNIT1,In-Service,,Missing-From-Yesterday
TAYGETE_UNIT2,In-Service,,Missing-From-Yesterday
REDBARN_UNIT_2,In-Service,,Missing-From-Yesterday
BAIRDWND_UNIT2,In-Service,,Missing-From-Yesterday
VICTPORT_CTG02,In-Service,,Missing-From-Yesterday
ELSAUZ_UNIT2,In-Service,,Missing-From-Yesterday
GARCENO_BESS,In-Service,,Missing-From-Yesterday
REDBARN_UNIT_1,In-Service,,Missing-From-Yesterday
GOMZ_BESS,In-Service,,Missing-From-Yesterday
VERAWIND_UNIT3,In-Service,,Missing-From-Yesterday
CALAVERS_JTD2,In-Service,,Missing-From-Yesterday
BCH_UNIT4,In-Service,,Missing-From-Yesterday
SUNVASLR_UNIT1,In-Service,,Missing-From-Yesterday
AVIATOR_UNIT1,In-Service,,Missing-From-Yesterday
SWT_BESS_UNIT1,In-Service,,Missing-From-Yesterday
LEVEE_GTG1,In-Service,,Missing-From-Yesterday
BLUEJAY_BESS1,In-Service,,Missing-From-Yesterday
RTLSNAKE_BESS,In-Service,,Missing-From-Yesterday
ROW_UNIT1,In-Service,,Missing-From-Yesterday
ENDPARKS_ESS1,In-Service,,Missing-From-Yesterday
ELSAUZ_UNIT1,In-Service,,Missing-From-Yesterday
LON_SOLAR1,In-Service,,Missing-From-Yesterday
SLCNHLS_ESS1,In-Service,,Missing-From-Yesterday
SNY_BESS_UNIT1,In-Service,,Missing-From-Yesterday
QUEEN_SL_SOLAR2,In-Service,,Missing-From-Yesterday
WH_WIND_UNIT1,In-Service,,Missing-From-Yesterday
LILY_SOLAR1,In-Service,,Missing-From-Yesterday
RAB_UNIT5,In-Service,,Missing-From-Yesterday
LIG_UNIT2,In-Service,,Missing-From-Yesterday
BRP_PBL2_UNIT1,In-Service,,Missing-From-Yesterday
VERAWIND_UNIT4,In-Service,,Missing-From-Yesterday
INRT_W_UNIT3,In-Service,,Missing-From-Yesterday
GRIZZLY_SOLAR1,In-Service,,Missing-From-Yesterday
OVEJA_G2,In-Service,,Missing-From-Yesterday
CRANELL_UNIT1,In-Service,,Missing-From-Yesterday
ANCHOR_BESS2,In-Service,,Missing-From-Yesterday
ANGLETON_UNIT1,In-Service,,Missing-From-Yesterday
CBEC_GT12,In-Service,,Missing-From-Yesterday
L_FRESNO_BESS,In-Service,,Missing-From-Yesterday
RAB_UNIT3,In-Service,,Missing-From-Yesterday
MAVCRK_E_UNIT5,In-Service,,Missing-From-Yesterday
L_463S_UNIT1,In-Service,,Missing-From-Yesterday
DICKNSON_UNIT1,In-Service,,Missing-From-Yesterday
ANSON1_UNIT1,In-Service,,Missing-From-Yesterday
PRSPERO2_UNIT2,In-Service,,Missing-From-Yesterday
BTM_UNIT8,In-Service,,Missing-From-Yesterday
CALAVERS_OWS2,In-Service,,Missing-From-Yesterday
LOCKETT_UNIT1,In-Service,,Missing-From-Yesterday
FRNYPP_GT12,In-Service,,Missing-From-Yesterday
BOARDCRK_UNIT1,In-Service,,Missing-From-Yesterday
GOPHER_UNIT1,In-Service,,Missing-From-Yesterday
PROSPERO_UNIT1,In-Service,,Missing-From-Yesterday
LMAJADAS_UNIT1,In-Service,,Missing-From-Yesterday
GRDNE_BESS,In-Service,,Missing-From-Yesterday
SAGEDRAW_UNIT1,In-Service,,Missing-From-Yesterday
BRTSW_BCW1,In-Service,,Missing-From-Yesterday
TRUSGILL_UNIT4,In-Service,,Missing-From-Yesterday
SAMSON_1_G2,In-Service,,Missing-From-Yesterday
JC_BAT_UNIT_1,In-Service,,Missing-From-Yesterday
LGE_LGE_GT1,In-Service,,Missing-From-Yesterday
MCDLD_SB3_282,In-Service,,Missing-From-Yesterday
SBE_UNIT1,In-Service,,Missing-From-Yesterday
COYOTE_W_UNIT2,In-Service,,Missing-From-Yesterday
FOXTROT_UNIT3,In-Service,,Missing-From-Yesterday
BCH_UNIT2,In-Service,,Missing-From-Yesterday
RELOJ_UNIT1,In-Service,,Missing-From-Yesterday
ANCHOR_WIND5,In-Service,,Missing-From-Yesterday
RTS2_U2,In-Service,,Missing-From-Yesterday
FAULKNER_BESS,In-Service,,Missing-From-Yesterday
OXYSOLAR_SOLAR_1,In-Service,,Missing-From-Yesterday
VORTEX_WIND4,In-Service,,Missing-From-Yesterday
PHOEBE_UNIT2,In-Service,,Missing-From-Yesterday
BRANDON_UNIT1,In-Service,,Missing-From-Yesterday
S_SNROSA_BESS,In-Service,,Missing-From-Yesterday
QUEEN_SL_SOLAR3,In-Service,,Missing-From-Yesterday
OLNEYTN_BESS,In-Service,,Missing-From-Yesterday
PRO_UNIT7,In-Service,,Missing-From-Yesterday
VORTEX_WIND2,In-Service,,Missing-From-Yesterday
TRUENO_UNIT1,In-Service,,Missing-From-Yesterday
CBEC_STG1,In-Service,,Missing-From-Yesterday
SPARTA_UNIT2,Out-Of-Service,,Missing-From-Yesterday
DCSES_BES3,In-Service,,Missing-From-Yesterday
FRNYPP_GT13,In-Service,,Missing-From-Yesterday
COYOTE_W_UNIT3,In-Service,,Missing-From-Yesterday
VORTEX_WIND1,In-Service,,Missing-From-Yesterday
W_HARLIN_BESS,In-Service,,Missing-From-Yesterday
CBEC_GT1,In-Service,,Missing-From-Yesterday
WEIL_TRC_BESS,In-Service,,Missing-From-Yesterday
SHAFFER_UNIT1,In-Service,,Missing-From-Yesterday
WHMESA_UNIT2_23,In-Service,,Missing-From-Yesterday
TOPAZ_UNIT3,In-Service,,Missing-From-Yesterday
CROSSETT_BES2,In-Service,,Missing-From-Yesterday
BRP_ZPT2_UNIT1,In-Service,,Missing-From-Yesterday
TRUENO_UNIT2,In-Service,,Missing-From-Yesterday
CATARINA_BESS,In-Service,,Missing-From-Yesterday
OGSES_UNIT1A,In-Service,,Missing-From-Yesterday
MYR_UNIT1,In-Service,,Missing-From-Yesterday
GALLOWAY_SOLAR2,In-Service,,Missing-From-Yesterday
NEBULA_UNIT1,In-Service,,Missing-From-Yesterday
BTM_UNIT3,In-Service,,Missing-From-Yesterday
VERAWIND_UNIT5,In-Service,,Missing-From-Yesterday
BCH_UNIT3,In-Service,,Missing-From-Yesterday
SWOOSEII_BESS1,In-Service,,Missing-From-Yesterday
RADN_SLR_UNIT1,In-Service,,Missing-From-Yesterday
FWLR_SLR_UNIT1,In-Service,,Missing-From-Yesterday
VERAWIND_UNIT2,In-Service,,Missing-From-Yesterday
RANCHERO_UNIT2,In-Service,,Missing-From-Yesterday
LGE_LGE_GT2,In-Service,,Missing-From-Yesterday
WILDWIND_UNIT1,In-Service,,Missing-From-Yesterday
NOBLESLR_SOLAR2,In-Service,,Missing-From-Yesterday
RELOJ_UNIT3,In-Service,,Missing-From-Yesterday
TOPAZ_UNIT4,In-Service,,Missing-From-Yesterday
GUADG_GAS3,In-Service,,Missing-From-Yesterday
FORMOSA_FORMOSG6,In-Service,,Missing-From-Yesterday
EUNICE_BES1,In-Service,,Missing-From-Yesterday
WHMESA_UNIT3_23,In-Service,,Missing-From-Yesterday
HOLSTEIN_SOLAR1,In-Service,,Missing-From-Yesterday
PRIDDY_UNIT1,In-Service,,Missing-From-Yesterday
FORMOSA_FORMOSG13,In-Service,,Missing-From-Yesterday
SAMSON_3_G1,In-Service,,Missing-From-Yesterday
MCDLD_SB1_2,In-Service,,Missing-From-Yesterday
VORTEX_WIND3,In-Service,,Missing-From-Yesterday
FILESSLR_PV1,In-Service,,Missing-From-Yesterday
AMADEUS2_UNIT3,In-Service,,Missing-From-Yesterday
MAVCRK_E_UNIT8,In-Service,,Missing-From-Yesterday
PLN_UNIT1,In-Service,,Missing-From-Yesterday
NOBLESLR_BESS2,In-Service,,Missing-From-Yesterday
RVRVLYS_ESS1,In-Service,,Missing-From-Yesterday
FLOWERII_BESS1,In-Service,,Missing-From-Yesterday
PRO_UNIT6,In-Service,,Missing-From-Yesterday
PRO_UNIT4,In-Service,,Missing-From-Yesterday
K0_UNIT1,In-Service,,Missing-From-Yesterday
PRO_UNIT3,In-Service,,Missing-From-Yesterday
GREASWOD_UNIT1,In-Service,,Missing-From-Yesterday
MASSENGL_G8,In-Service,,Missing-From-Yesterday
E_BLACK_UNIT_1,In-Service,,Missing-From-Yesterday
MAVCRK_E_UNIT6,In-Service,,Missing-From-Yesterday
BRAUNIG_VHB6CT6,In-Service,,Missing-From-Yesterday
HI_LONE_WGR2,Out-Of-Service,,Missing-From-Yesterday
PC_SOUTH_PANTH31,In-Service,,Missing-From-Yesterday
BLUEJAY_UNIT1,In-Service,,Missing-From-Yesterday
LV2_LV2,In-Service,,Missing-From-Yesterday
RAB_UNIT7,In-Service,,Missing-From-Yesterday
CEDRVALE_BESS,In-Service,,Missing-From-Yesterday
GRIF_TRL_UNIT2,In-Service,,Missing-From-Yesterday
ROSELAND_SOLAR1,In-Service,,Missing-From-Yesterday
DIB_DIB_G2,In-Service,,Missing-From-Yesterday
MASSENGL_G7,In-Service,,Missing-From-Yesterday
CITYVICT_CTG01,In-Service,,Missing-From-Yesterday
PHOEBE_UNIT1,In-Service,,Missing-From-Yesterday
MCLNSLR_UNIT1,In-Service,,Missing-From-Yesterday
ANCHOR_WIND3,In-Service,,Missing-From-Yesterday
RAB_UNIT6,In-Service,,Missing-From-Yesterday
SAMSON_3_G2,In-Service,,Missing-From-Yesterday
LACY_CRK_UNIT2,In-Service,,Missing-From-Yesterday
N_MERCED_BESS,In-Service,,Missing-From-Yesterday
LILY_BESS1,In-Service,,Missing-From-Yesterday
PRO_UNIT2,In-Service,,Missing-From-Yesterday
GUADG_STM6,In-Service,,Missing-From-Yesterday
JAY_UNIT2,In-Service,,Missing-From-Yesterday
S_HILLS_UNIT1,In-Service,,Missing-From-Yesterday
JUNCTION_BESS,In-Service,,Missing-From-Yesterday
WGU_UNIT1,In-Service,,Missing-From-Yesterday
BLACKJAK_UNIT2,In-Service,,Missing-From-Yesterday
BCH_UNIT1,In-Service,,Missing-From-Yesterday
LACY_CRK_UNIT4,In-Service,,Missing-From-Yesterday
TOPAZ_UNIT6,In-Service,,Missing-From-Yesterday
WHMESA_UNIT3_28,In-Service,,Missing-From-Yesterday
BRP_ZPT1_UNIT1,In-Service,,Missing-From-Yesterday
ANCHOR_WIND4,In-Service,,Missing-From-Yesterday
WORSHAM_BESS1,In-Service,,Missing-From-Yesterday
BATCAVE_BES1,In-Service,,Missing-From-Yesterday
YNG_WND_UNIT1,In-Service,,Missing-From-Yesterday
CRWN_SLR_UNIT1,In-Service,,Missing-From-Yesterday
AZURE_SOLAR2,In-Service,,Missing-From-Yesterday
GIDEON_GIDEONG3,In-Service,,Missing-From-Yesterday
WES_UNIT2,In-Service,,Missing-From-Yesterday
SPNCER_SPNCE_4,In-Service,,Missing-From-Yesterday
WILDWIND_UNIT5,In-Service,,Missing-From-Yesterday
JAY_UNIT1,In-Service,,Missing-From-Yesterday
OVEJA_G1,In-Service,,Missing-From-Yesterday
HOLSTEIN_SOLAR2,In-Service,,Missing-From-Yesterday
RAB_UNIT8,In-Service,,Missing-From-Yesterday
DCSES_BES4,In-Service,,Missing-From-Yesterday
FOARDCTY_UNIT2,In-Service,,Missing-From-Yesterday
FOXTROT_UNIT1,In-Service,,Missing-From-Yesterday
PRO_UNIT8,In-Service,,Missing-From-Yesterday
PHOENIX_UNIT1,In-Service,,Missing-From-Yesterday
BTM_UNIT4,In-Service,,Missing-From-Yesterday
AMADEUS1_UNIT1,In-Service,,Missing-From-Yesterday
AZURE_SOLAR1,In-Service,,Missing-From-Yesterday
TOPAZ_UNIT10,In-Service,,Missing-From-Yesterday
ANDMDSLR_UNIT2,In-Service,,Missing-From-Yesterday
CHALUPA_UNIT1,In-Service,,Missing-From-Yesterday
B_DAVIS_B_DAVIG4,In-Service,,Missing-From-Yesterday
SLCNHLS_ESS2,In-Service,,Missing-From-Yesterday
RELOJ_UNIT2,In-Service,,Missing-From-Yesterday
INRT_W_UNIT1,In-Service,,Missing-From-Yesterday
APPALOSA_UNIT2,In-Service,,Missing-From-Yesterday
TNP_ONE_TNP_O_1,In-Service,,Missing-From-Yesterday
RAMBLER_UNIT1,In-Service,,Missing-From-Yesterday
BLSUMIT3_UNIT_17,In-Service,,Missing-From-Yesterday
STRATEGC_UNIT1,In-Service,,Missing-From-Yesterday
HOLCOMB_BESS,In-Service,,Missing-From-Yesterday
MUSTNGCK_SOLAR2,In-Service,,Missing-From-Yesterday
BL_MILIT_BL_MILIT,In-Service,,Missing-From-Yesterday
MAVCRK_E_UNIT7,In-Service,,Missing-From-Yesterday
TOPAZ_UNIT9,In-Service,,Missing-From-Yesterday
INRT_W_UNIT2,In-Service,,Missing-From-Yesterday
FORMOSA_FORMOSG14,In-Service,,Missing-From-Yesterday
DAN_UNIT1,In-Service,,Missing-From-Yesterday
EUNICE_PV1,In-Service,,Missing-From-Yesterday
DSKYWND2_UNIT_2B,In-Service,,Missing-From-Yesterday
MYR_UNIT2,In-Service,,Missing-From-Yesterday
BTM_UNIT6,In-Service,,Missing-From-Yesterday
PLN_UNIT2,In-Service,,Missing-From-Yesterday
BRAUNIG_VHB1,In-Service,,Missing-From-Yesterday
LGDRAW_S_UNIT1_2,In-Service,,Missing-From-Yesterday
LACY_CRK_UNIT3,In-Service,,Missing-From-Yesterday
WILDWIND_UNIT2,In-Service,,Missing-From-Yesterday
CBEC_GT11,In-Service,,Missing-From-Yesterday
HRBESS_BESS,In-Service,,Missing-From-Yesterday
MAVCRK_W_UNIT1,In-Service,,Missing-From-Yesterday
AJAXWIND_UNIT2,In-Service,,Missing-From-Yesterday
RATLIFF_SOLAR1,In-Service,,Missing-From-Yesterday
BAIRDWND_UNIT1,In-Service,,Missing-From-Yesterday
JADE_SLR_UNIT2,In-Service,,Missing-From-Yesterday
FLAT_TOP_BESS1,In-Service,,Missing-From-Yesterday
CHISMGRD_BES1,In-Service,,Missing-From-Yesterday
MAYBERRY_BESS,In-Service,,Missing-From-Yesterday
VICTPRT2_UNIT1,In-Service,,Missing-From-Yesterday
ROSELAND_BESS1,In-Service,,Missing-From-Yesterday
FRNYPP_ST10,In-Service,,Missing-From-Yesterday
APOGEE_UNIT1,In-Service,,Missing-From-Yesterday
TOPAZ_UNIT1,In-Service,,Missing-From-Yesterday
TRUSGILL_UNIT3,In-Service,,Missing-From-Yesterday
BARROW_UNIT1,In-Service,,Missing-From-Yesterday
VORTEX_BESS1,In-Service,,Missing-From-Yesterday
AZURE_BESS1,In-Service,,Missing-From-Yesterday
SPARTA_UNIT1,Out-Of-Service,,Missing-From-Yesterday
DSKYWND2_UNIT_2A,In-Service,,Missing-From-Yesterday
ODESW_UNIT1,In-Service,,Missing-From-Yesterday
BTM_UNIT2,In-Service,,Missing-From-Yesterday
LIG_UNIT1,In-Service,,Missing-From-Yesterday
SADLBACK_BESS,In-Service,,Missing-From-Yesterday
DCSES_BES1,In-Service,,Missing-From-Yesterday
WES_UNIT1,In-Service,,Missing-From-Yesterday
SWEENY_UNIT1,In-Service,,Missing-From-Yesterday
QUEEN_SL_SOLAR4,In-Service,,Missing-From-Yesterday
BTM_UNIT1,In-Service,,Missing-From-Yesterday
JADE_SLR_UNIT1,In-Service,,Missing-From-Yesterday
TAV_UNIT1,In-Service,,Missing-From-Yesterday
HI_LONE_WGR1A,Out-Of-Service,,Missing-From-Yesterday
MIRASOLE_MIR13,In-Service,,Missing-From-Yesterday
GOLINDA_UNIT1,In-Service,,Missing-From-Yesterday
PYR_ESS2A,In-Service,,Missing-From-Yesterday
VISION_UNIT1,In-Service,,Missing-From-Yesterday
HAMILTON_BESS,In-Service,,Missing-From-Yesterday
APOGEE_UNIT2,In-Service,,Missing-From-Yesterday
SAMSON_1_G1,In-Service,,Missing-From-Yesterday
HI_LONE_WGR2A,In-Service,,Missing-From-Yesterday
CAPRIDG4_BB2_PV1,In-Service,,Missing-From-Yesterday
ANSON1_UNIT2,In-Service,,Missing-From-Yesterday
TURQBESS_BESS1,In-Service,,Missing-From-Yesterday
TOPAZ_UNIT7,In-Service,,Missing-From-Yesterday
BCH_UNIT5,In-Service,,Missing-From-Yesterday
TRUSGILL_UNIT1,In-Service,,Missing-From-Yesterday
RPUBRDS_ESS1,In-Service,,Missing-From-Yesterday
RADN_SLR_UNIT2,In-Service,,Missing-From-Yesterday
PYOTE_SWOOSEU1,In-Service,,Missing-From-Yesterday
APOGEE_UNIT4,In-Service,,Missing-From-Yesterday
GRIF_TRL_UNIT1,In-Service,,Missing-From-Yesterday
MAVCRK_W_UNIT2,In-Service,,Missing-From-Yesterday
DAG_UNIT2,In-Service,,Missing-From-Yesterday
LMAJADAS_UNIT2,In-Service,,Missing-From-Yesterday
JUNO_UNIT1,In-Service,,Missing-From-Yesterday
MAVCRK_E_UNIT9,In-Service,,Missing-From-Yesterday
BIG_STAR_UNIT1,In-Service,,Missing-From-Yesterday
MESTENO_UNIT_1,In-Service,,Missing-From-Yesterday
HI_LONE_WGR1B,Out-Of-Service,,Missing-From-Yesterday
W_PECOS_UNIT1,In-Service,,Missing-From-Yesterday
PROSPERO_UNIT2,In-Service,,Missing-From-Yesterday
ELSA_BESS,In-Service,,Missing-From-Yesterday
ANDMDSLR_UNIT1,In-Service,,Missing-From-Yesterday
AQUILLA_U1_28,In-Service,,Missing-From-Yesterday
PRO_UNIT5,In-Service,,Missing-From-Yesterday
MISAE_UNIT2,In-Service,,Missing-From-Yesterday
APOGEE_UNIT6,In-Service,,Missing-From-Yesterday
SGSA_BESS1,In-Service,,Missing-From-Yesterday
EXN_EXN_G14,In-Service,,Missing-From-Yesterday
VICTPRT2_UNIT2,In-Service,,Missing-From-Yesterday
MADERO_UNIT2,In-Service,,Missing-From-Yesterday
WCOLLOCL_BSS_U1,In-Service,,Missing-From-Yesterday
WFTANK_ESS1,In-Service,,Missing-From-Yesterday
WHMESA_UNIT1,In-Service,,Missing-From-Yesterday
RAB_UNIT2,In-Service,,Missing-From-Yesterday
GOPHER_UNIT2,In-Service,,Missing-From-Yesterday
DCSES_BES2,In-Service,,Missing-From-Yesterday
BAY_CITY_BESS,In-Service,,Missing-From-Yesterday
CONIGLIO_UNIT1,In-Service,,Missing-From-Yesterday
TAYGETE_UNIT1,In-Service,,Missing-From-Yesterday
BELD_BELU1,In-Service,,Missing-From-Yesterday
B_DAVIS_B_DAVIG2,In-Service,,Missing-From-Yesterday
WHMESA_UNIT2_28,In-Service,,Missing-From-Yesterday
LGE_LGE_STG,In-Service,,Missing-From-Yesterday
LAPETUS_UNIT_1,In-Service,,Missing-From-Yesterday
MADERO_UNIT1,In-Service,,Missing-From-Yesterday
HI_LONE_WGR4,In-Service,,Missing-From-Yesterday
RAB_UNIT4,In-Service,,Missing-From-Yesterday
BTM_UNIT7,In-Service,,Missing-From-Yesterday
NOVA1SLR_UNIT1,In-Service,,Missing-From-Yesterday
BRIGHTSD_UNIT1,In-Service,,Missing-From-Yesterday
MUSTNGCK_SOLAR1,In-Service,,Missing-From-Yesterday
ALGODON_UNIT1,In-Service,,Missing-From-Yesterday
GUADG_STM5,In-Service,,Missing-From-Yesterday
TOPAZ_UNIT5,In-Service,,Missing-From-Yesterday
PANDA_S_SHER1ST1,In-Service,,Missing-From-Yesterday
PRO_UNIT1,In-Service,,Missing-From-Yesterday
HI_LONE_WGR1C,Out-Of-Service,,Missing-From-Yesterday
MISAE_UNIT1,In-Service,,Missing-From-Yesterday
ANCHOR_WIND1,In-Service,,Missing-From-Yesterday
TOYAH_BESS,In-Service,,Missing-From-Yesterday
APOGEE_UNIT3,In-Service,,Missing-From-Yesterday
APOGEE_UNIT5,In-Service,,Missing-From-Yesterday
AQUILLA_U1_23,In-Service,,Missing-From-Yesterday
SWEETWN5_WND5,In-Service,,Missing-From-Yesterday
BTM_UNIT5,In-Service,,Missing-From-Yesterday
TOPAZ_UNIT8,In-Service,,Missing-From-Yesterday
GUADG_GAS4,In-Service,,Missing-From-Yesterday
TAV_UNIT2,In-Service,,Missing-From-Yesterday
RAB_UNIT1,In-Service,,Missing-From-Yesterday
BCH_UNIT6,In-Service,,Missing-From-Yesterday
BCK_UNIT2,In-Service,,Missing-From-Yesterday
MNWLE_BESS,In-Service,,Missing-From-Yesterday
PALMWIND_UNIT1,In-Service,,Missing-From-Yesterday
RTS2_U1,In-Service,,Missing-From-Yesterday
FRNYPP_GT11,In-Service,,Missing-From-Yesterday
MAVCRK_W_UNIT3,In-Service,,Missing-From-Yesterday
KARAKAW2_UNIT3,In-Service,,Missing-From-Yesterday
LONESTAR_BESS,In-Service,,Missing-From-Yesterday
HUD_CTG1,In-Service,,Missing-From-Yesterday
CBEC_GT2,In-Service,,Missing-From-Yesterday
PRSPERO2_UNIT1,In-Service,,Missing-From-Yesterday
BUFF_GAP_UNIT2_2,In-Service,In-Service,Shared-In-Both
WHCCS_CT2,In-Service,In-Service,Shared-In-Both
FTR_FTR_G4,In-Service,In-Service,Shared-In-Both
DERMOTT_UNIT1,In-Service,In-Service,Shared-In-Both
WCPP_CT2,In-Service,In-Service,Shared-In-Both
ANACACHO_ANA,In-Service,In-Service,Shared-In-Both
BORDAS2_JAVEL2_C,In-Service,In-Service,Shared-In-Both
UCC_COGN_UCC_C_2,In-Service,In-Service,Shared-In-Both
AMOCOOIL_AMOCO_G1,In-Service,In-Service,Shared-In-Both
CSEC_CSECG1,In-Service,In-Service,Shared-In-Both
CHAMON_CTG_0301,In-Service,In-Service,Shared-In-Both
SWEETWN2_WND24,In-Service,In-Service,Shared-In-Both
MCSES_UNIT6,In-Service,In-Service,Shared-In-Both
FERMI_WIND1,In-Service,In-Service,Shared-In-Both
MIL_MILLERG4,In-Service,In-Service,Shared-In-Both
SOLARA_UNIT1,In-Service,In-Service,Shared-In-Both
BRAUNIG_VHB3,In-Service,In-Service,Shared-In-Both
TC_TCHP1,In-Service,In-Service,Shared-In-Both
WEBBER_S_WSP1,In-Service,In-Service,Shared-In-Both
CFLATS_S1,In-Service,In-Service,Shared-In-Both
LV3_UNIT_1,In-Service,In-Service,Shared-In-Both
FALCON_FALCONG2,In-Service,In-Service,Shared-In-Both
BULLCRK_WND1,In-Service,In-Service,Shared-In-Both
BULLCRK_WND2,In-Service,In-Service,Shared-In-Both
CHAMPION_UNIT1,In-Service,In-Service,Shared-In-Both
TOSBATT_UNIT1,In-Service,In-Service,Shared-In-Both
ACACIA_UNIT_1,In-Service,In-Service,Shared-In-Both
AEEC_ANTLP_3,In-Service,In-Service,Shared-In-Both
PEARSAL2_AGR_B,In-Service,In-Service,Shared-In-Both
KMCHI_2ST,In-Service,In-Service,Shared-In-Both
STEAM_ENGINE_2,In-Service,In-Service,Shared-In-Both
SANMIGL_G1,In-Service,In-Service,Shared-In-Both
BRAUNIG_AVR1_CT2,In-Service,In-Service,Shared-In-Both
TGCCS_CT3,In-Service,In-Service,Shared-In-Both
SALTFORK_UNIT2,In-Service,In-Service,Shared-In-Both
BUCHAN_BUCHANG3,In-Service,In-Service,Shared-In-Both
WAKEWE_G2,In-Service,In-Service,Shared-In-Both
FORMOSA_FORMOSG1,In-Service,In-Service,Shared-In-Both
DDPEC_GT6,In-Service,In-Service,Shared-In-Both
DOWGEN_DOW_G61,In-Service,In-Service,Shared-In-Both
WAP_WAP_G7,In-Service,In-Service,Shared-In-Both
MIL_MILLERG5,In-Service,In-Service,Shared-In-Both
BOSQUESW_BSQSU_4,In-Service,In-Service,Shared-In-Both
MARSFO_MARSFOG3,In-Service,In-Service,Shared-In-Both
SCLPCOGN_SCLPC_1,In-Service,In-Service,Shared-In-Both
PANDA_T2_TMPL2ST1,In-Service,In-Service,Shared-In-Both
BORDAS2_JAVEL2_A,In-Service,In-Service,Shared-In-Both
CHE_CHEGT1,In-Service,In-Service,Shared-In-Both
EAGLE_HY_EAGLE_HY2,In-Service,In-Service,Shared-In-Both
SSPURTWO_SS3WIND2,In-Service,In-Service,Shared-In-Both
THW_THWGT42,In-Service,In-Service,Shared-In-Both
PANDA_T1_TMPL1CT2,In-Service,In-Service,Shared-In-Both
REDFISH_MV1B,In-Service,In-Service,Shared-In-Both
WCPP_ST1,In-Service,In-Service,Shared-In-Both
CBY_CBY_G2,In-Service,In-Service,Shared-In-Both
AZ_AZ_G2,In-Service,In-Service,Shared-In-Both
MGSES_CT6,In-Service,In-Service,Shared-In-Both
SPTX12B_UNIT1,In-Service,In-Service,Shared-In-Both
CVC_CVC_G2,In-Service,In-Service,Shared-In-Both
TYLRWIND_UNIT1,In-Service,In-Service,Shared-In-Both
CASL_GAP_UNIT1,In-Service,In-Service,Shared-In-Both
FLUVANNA_UNIT1,In-Service,In-Service,Shared-In-Both
SWEETWN3_WND3A,In-Service,In-Service,Shared-In-Both
REDGATE_AGR_A,In-Service,In-Service,Shared-In-Both
WAKEWE_G1,In-Service,In-Service,Shared-In-Both
FRNYPP_GT21,In-Service,In-Service,Shared-In-Both
TGW_T1,In-Service,In-Service,Shared-In-Both
MLSES_UNIT3,In-Service,In-Service,Shared-In-Both
SANDHSYD_SH1,In-Service,In-Service,Shared-In-Both
DDPEC_GT3,In-Service,In-Service,Shared-In-Both
TRENT_UNIT_3B,In-Service,In-Service,Shared-In-Both
PSA_PSA_G7,In-Service,In-Service,Shared-In-Both
BLSUMMIT_BATTERY,In-Service,In-Service,Shared-In-Both
FLTCK_SSI,In-Service,In-Service,Shared-In-Both
DCSES_CT20,In-Service,In-Service,Shared-In-Both
HICKMAN_G1,In-Service,In-Service,Shared-In-Both
LV1_LV1A,In-Service,In-Service,Shared-In-Both
SPPKM_STG,In-Service,In-Service,Shared-In-Both
STELLA_UNIT1,In-Service,In-Service,Shared-In-Both
HORSECRK_UNIT2,In-Service,In-Service,Shared-In-Both
LPCCS_CT22,In-Service,In-Service,Shared-In-Both
FPPYD2_FPP_G3,In-Service,In-Service,Shared-In-Both
REDGATE_AGR_D,In-Service,In-Service,Shared-In-Both
BASTEN_GTG1100,In-Service,In-Service,Shared-In-Both
SANROMAN_WIND_1,In-Service,In-Service,Shared-In-Both
SPLAIN2_WIND22,In-Service,In-Service,Shared-In-Both
SALVTION_UNIT1,In-Service,In-Service,Shared-In-Both
FPPYD1_FPP_G1,In-Service,In-Service,Shared-In-Both
MIAM1_G1,In-Service,In-Service,Shared-In-Both
MIDWIND_UNIT1,In-Service,In-Service,Shared-In-Both
PSA_PSA_G4,In-Service,In-Service,Shared-In-Both
HELIOS_UNIT1,In-Service,In-Service,Shared-In-Both
DUKE_DUKE_ST1,In-Service,In-Service,Shared-In-Both
MIL_MILLERG2,In-Service,In-Service,Shared-In-Both
DOWGEN_DOW_ST65,In-Service,In-Service,Shared-In-Both
CBY4_CT41,In-Service,In-Service,Shared-In-Both
BTE_BTE_G3,In-Service,In-Service,Shared-In-Both
WFCOGEN_UNIT2,In-Service,In-Service,Shared-In-Both
EXN_EXN_G2,In-Service,In-Service,Shared-In-Both
FEGC_UNIT1,In-Service,In-Service,Shared-In-Both
FTR_FTR_G3,In-Service,In-Service,Shared-In-Both
LEON_CRK_LCPCT4,In-Service,In-Service,Shared-In-Both
THW_THWGT31,In-Service,In-Service,Shared-In-Both
SL_SL_G1,In-Service,In-Service,Shared-In-Both
SGMTN_SIGNALMT,In-Service,In-Service,Shared-In-Both
GBY_GBYGT81,In-Service,In-Service,Shared-In-Both
THW_THWGT_1,In-Service,In-Service,Shared-In-Both
PSG_PSG_ST2,In-Service,In-Service,Shared-In-Both
PB2SES_CT4,In-Service,In-Service,Shared-In-Both
NWF_NWF2,In-Service,In-Service,Shared-In-Both
PNPI_GT2,In-Service,In-Service,Shared-In-Both
BUCKTHRN_UNIT1,In-Service,In-Service,Shared-In-Both
LARDVFTN_G4,In-Service,In-Service,Shared-In-Both
KMCHI_1ST,In-Service,In-Service,Shared-In-Both
MGSES_CT3,In-Service,In-Service,Shared-In-Both
LHSES_UNIT1,In-Service,In-Service,Shared-In-Both
KING_NE_KINGNE,In-Service,In-Service,Shared-In-Both
CBY4_CT42,In-Service,In-Service,Shared-In-Both
CBECII_CT8,In-Service,In-Service,Shared-In-Both
BORDAS_JAVEL20,In-Service,In-Service,Shared-In-Both
FORMOSA_FORMOSG11,In-Service,In-Service,Shared-In-Both
LASSO_UNIT1,In-Service,In-Service,Shared-In-Both
BFM_HYD_ST1,In-Service,In-Service,Shared-In-Both
LEON_CRK_LCPCT3,In-Service,In-Service,Shared-In-Both
DECKER_DPGT_3,In-Service,In-Service,Shared-In-Both
LPCCS_UNIT2,In-Service,In-Service,Shared-In-Both
ALIBATES_SC1,In-Service,In-Service,Shared-In-Both
GBY_GBYGT73,In-Service,In-Service,Shared-In-Both
QALSW_STG1,In-Service,In-Service,Shared-In-Both
SANTACRU_UNIT2,In-Service,In-Service,Shared-In-Both
LONEWOLF_G2,In-Service,In-Service,Shared-In-Both
EAGLE_HY_EAGLE_HY1,In-Service,In-Service,Shared-In-Both
STEAM1A_STEAM_1,In-Service,In-Service,Shared-In-Both
INGLCOSW_CTG2,In-Service,In-Service,Shared-In-Both
MDANP_CT6,In-Service,In-Service,Shared-In-Both
RIONOG_CT3,In-Service,In-Service,Shared-In-Both
QALSW_GT3,In-Service,In-Service,Shared-In-Both
GOAT_GOATWIN2,In-Service,In-Service,Shared-In-Both
GUADG_GAS1,In-Service,In-Service,Shared-In-Both
PANDA_T1_TMPL1CT1,In-Service,In-Service,Shared-In-Both
GRANDVW1_COLB,In-Service,In-Service,Shared-In-Both
MDANP_CT4,In-Service,In-Service,Shared-In-Both
DEC_AGR_C,In-Service,In-Service,Shared-In-Both
CBEC_GT4,In-Service,In-Service,Shared-In-Both
SWEETWND_WND1,In-Service,In-Service,Shared-In-Both
PSA_PSA_G1,In-Service,In-Service,Shared-In-Both
PANDA_T1_TMPL1ST1,In-Service,In-Service,Shared-In-Both
WEC_WECG1,In-Service,In-Service,Shared-In-Both
THW_THWGT44,In-Service,In-Service,Shared-In-Both
WLSH_WLSHG1,In-Service,In-Service,Shared-In-Both
DDPEC_GT4,In-Service,In-Service,Shared-In-Both
SANDHSYD_SH_5A,In-Service,In-Service,Shared-In-Both
BASTEN_GTG2100,In-Service,In-Service,Shared-In-Both
TGCCS_CT2,In-Service,In-Service,Shared-In-Both
EXN_EXN_G10,In-Service,In-Service,Shared-In-Both
LV4_UNIT_1,In-Service,In-Service,Shared-In-Both
SHANNONW_UNIT_1,In-Service,In-Service,Shared-In-Both
MARIAH_NORTE2,In-Service,In-Service,Shared-In-Both
CEDROHIL_CHW1,In-Service,In-Service,Shared-In-Both
NWF_NWF1,In-Service,In-Service,Shared-In-Both
TAM_STG2,In-Service,In-Service,Shared-In-Both
PENA_UNIT1,In-Service,In-Service,Shared-In-Both
WAP_WAPGT_1,In-Service,In-Service,Shared-In-Both
SENATEWD_UNIT1,In-Service,In-Service,Shared-In-Both
FLCNS_UNIT2,In-Service,In-Service,Shared-In-Both
OECCS_UNIT1,In-Service,In-Service,Shared-In-Both
WND_WHITNEY1,In-Service,In-Service,Shared-In-Both
THW_THWGT34,In-Service,In-Service,Shared-In-Both
MSN_TG,In-Service,In-Service,Shared-In-Both
WHTTAIL_WR1,In-Service,In-Service,Shared-In-Both
DIB_DIB_G1,In-Service,In-Service,Shared-In-Both
AMOCOOIL_AMOCO_5,In-Service,In-Service,Shared-In-Both
PENA_UNIT2,In-Service,In-Service,Shared-In-Both
TRSES_UNIT6,In-Service,In-Service,Shared-In-Both
EXN_EXN_G1,In-Service,In-Service,Shared-In-Both
AMOCOOIL_AMOCO_G3,In-Service,In-Service,Shared-In-Both
NACPW_UNIT1,In-Service,In-Service,Shared-In-Both
KEO_SHRBINO2,In-Service,In-Service,Shared-In-Both
KMCHI_1CT201,In-Service,In-Service,Shared-In-Both
MESQCRK_WND1,In-Service,In-Service,Shared-In-Both
LEON_CRK_LCPCT2,In-Service,In-Service,Shared-In-Both
SWEETWN2_WND2,In-Service,In-Service,Shared-In-Both
LMESASLR_IVORY,In-Service,In-Service,Shared-In-Both
WHCCS_STG,In-Service,In-Service,Shared-In-Both
DUKE_DUKE_GT2,In-Service,In-Service,Shared-In-Both
TRINITY_TH1_BUS2,In-Service,In-Service,Shared-In-Both
PR_PR_G2,In-Service,In-Service,Shared-In-Both
LHM_CVC_G4,In-Service,In-Service,Shared-In-Both
SIRIUS_UNIT1,In-Service,In-Service,Shared-In-Both
BUCHAN_BUCHANG2,In-Service,In-Service,Shared-In-Both
DOWGEN_DOW_GT96,In-Service,In-Service,Shared-In-Both
TULECNYN_SC1,In-Service,In-Service,Shared-In-Both
FTR_FTR_G1,In-Service,In-Service,Shared-In-Both
LEG_LEG_G1,In-Service,In-Service,Shared-In-Both
PEARSAL2_AGR_A,In-Service,In-Service,Shared-In-Both
EXN_EXN_G9,In-Service,In-Service,Shared-In-Both
EXN_EXN_G15,In-Service,In-Service,Shared-In-Both
BUFF_GAP_UNIT3,In-Service,In-Service,Shared-In-Both
BLSUMMIT_BLSMT1_5,In-Service,In-Service,Shared-In-Both
FERGCC_FERGST1,In-Service,In-Service,Shared-In-Both
EXN_EXN_G4,In-Service,In-Service,Shared-In-Both
ELB_ELBCREEK,In-Service,In-Service,Shared-In-Both
HAYSEN_HAYSENG2,In-Service,In-Service,Shared-In-Both
DOWGEN_DOW_G66,In-Service,In-Service,Shared-In-Both
STWF_T1,In-Service,In-Service,Shared-In-Both
OLINGR_OLING_2,In-Service,In-Service,Shared-In-Both
SSPURTWO_SS3WIND1,In-Service,In-Service,Shared-In-Both
THW_THWGT51,In-Service,In-Service,Shared-In-Both
CBECII_CT7,In-Service,In-Service,Shared-In-Both
RIONOG_ST1,In-Service,In-Service,Shared-In-Both
NA_CTG1,In-Service,In-Service,Shared-In-Both
DANSBY_DANSBYG1,In-Service,In-Service,Shared-In-Both
SWEETWN4_WND4B,In-Service,In-Service,Shared-In-Both
CHE_GT3,In-Service,In-Service,Shared-In-Both
BUCHAN_BUCHANG1,In-Service,In-Service,Shared-In-Both
HRFDWIND_JRDWIND2,In-Service,In-Service,Shared-In-Both
BORDAS2_JAVEL2_B,In-Service,In-Service,Shared-In-Both
OGSES_UNIT2,In-Service,In-Service,Shared-In-Both
CVC_CVC_G1,In-Service,In-Service,Shared-In-Both
DOWGEN_DOW_ST95,In-Service,In-Service,Shared-In-Both
BLSUMMIT_BLSMT1_6,In-Service,In-Service,Shared-In-Both
PENA3_UNIT3,In-Service,In-Service,Shared-In-Both
VALERO_VALEROG1,In-Service,In-Service,Shared-In-Both
NBOHR_UNIT1,In-Service,In-Service,Shared-In-Both
SPLAIN1_WIND1,In-Service,In-Service,Shared-In-Both
DCSES_CT10,In-Service,In-Service,Shared-In-Both
OLINGR_OLING_4,In-Service,In-Service,Shared-In-Both
HAYSEN_HAYSENG3,In-Service,In-Service,Shared-In-Both
WOODWRD2_WOODWRD2,In-Service,In-Service,Shared-In-Both
TRINITY_TH1_BUS1,In-Service,In-Service,Shared-In-Both
SILASRAY_SILAS_9,In-Service,In-Service,Shared-In-Both
TXCTY_ST,In-Service,In-Service,Shared-In-Both
BUFF_GAP_UNIT2_1,In-Service,In-Service,Shared-In-Both
MWEC_G1,In-Service,In-Service,Shared-In-Both
DOWGEN_DOW_G37,In-Service,In-Service,Shared-In-Both
BYU_BYU_G1,In-Service,In-Service,Shared-In-Both
MIAM1_G2,In-Service,In-Service,Shared-In-Both
VERTIGO_WIND_I,In-Service,In-Service,Shared-In-Both
TXCTY_CTB,In-Service,In-Service,Shared-In-Both
DCSES_CT40,In-Service,In-Service,Shared-In-Both
WND_WHITNEY2,In-Service,In-Service,Shared-In-Both
EXGNSND_WIND_1,In-Service,In-Service,Shared-In-Both
AZ_AZ_G1,In-Service,In-Service,Shared-In-Both
CBEC_STG2,In-Service,In-Service,Shared-In-Both
JCKCNTY2_CT3,In-Service,In-Service,Shared-In-Both
TNSKA_STG,In-Service,In-Service,Shared-In-Both
MIL_MILLERG1,In-Service,In-Service,Shared-In-Both
NCARBIDE_NCARBIG8,In-Service,In-Service,Shared-In-Both
BRAUNIG_VHB6CT7,In-Service,In-Service,Shared-In-Both
GBY_GBYGT74,In-Service,In-Service,Shared-In-Both
EXN_EXN_G8,In-Service,In-Service,Shared-In-Both
TNSKA_GT2,In-Service,In-Service,Shared-In-Both
INDL_ESS,In-Service,In-Service,Shared-In-Both
DEC_AGR_A,In-Service,In-Service,Shared-In-Both
LGW_UNIT1,In-Service,In-Service,Shared-In-Both
WHCCS2_CT4,In-Service,In-Service,Shared-In-Both
ETCCS_CT1,In-Service,In-Service,Shared-In-Both
DOWGEN_DOW_ST84,In-Service,In-Service,Shared-In-Both
DCTM_DCTMG1,In-Service,In-Service,Shared-In-Both
DECKER_DPGT_2,In-Service,In-Service,Shared-In-Both
FALCON_FALCONG1,In-Service,In-Service,Shared-In-Both
TRENT_UNIT_3A,In-Service,In-Service,Shared-In-Both
SL_SL_G3,In-Service,In-Service,Shared-In-Both
PH1_UNIT2,In-Service,In-Service,Shared-In-Both
SANDHSYD_SH3,In-Service,In-Service,Shared-In-Both
REDFISH_MV1A,In-Service,In-Service,Shared-In-Both
BAC_CTG2,In-Service,In-Service,Shared-In-Both
HRFDWIND_JRDWIND1,In-Service,In-Service,Shared-In-Both
STEAM_ENGINE_3,In-Service,In-Service,Shared-In-Both
STEAM_STEAM_3,In-Service,In-Service,Shared-In-Both
LHORN_N_UNIT1,In-Service,In-Service,Shared-In-Both
PYR_PYRON2,In-Service,In-Service,Shared-In-Both
NA_STG1,In-Service,In-Service,Shared-In-Both
HICKMAN_G2,In-Service,In-Service,Shared-In-Both
PB2SES_CT2,In-Service,In-Service,Shared-In-Both
BCATWIND_WIND_1,In-Service,In-Service,Shared-In-Both
SRWE1_UNIT1,In-Service,In-Service,Shared-In-Both
BRAUNIG_VHB2,In-Service,In-Service,Shared-In-Both
LPCCS_CT11,In-Service,In-Service,Shared-In-Both
FPPYD1_FPP_G2,In-Service,In-Service,Shared-In-Both
BOSQUESW_BSQSU_2,In-Service,In-Service,Shared-In-Both
BBREEZE_UNIT1,In-Service,In-Service,Shared-In-Both
OECCS_UNIT2,In-Service,In-Service,Shared-In-Both
MARBFA_MARBFAG2,In-Service,In-Service,Shared-In-Both
LONEWOLF_G3,In-Service,In-Service,Shared-In-Both
BAC_CTG1,In-Service,In-Service,Shared-In-Both
MIRASOLE_MIR11,In-Service,In-Service,Shared-In-Both
TEN_CT1,In-Service,In-Service,Shared-In-Both
TAHOKA_UNIT_1,In-Service,In-Service,Shared-In-Both
THW_THWGT33,In-Service,In-Service,Shared-In-Both
SPPKM_CTA,In-Service,In-Service,Shared-In-Both
MARSFO_MARSFOG2,In-Service,In-Service,Shared-In-Both
TORR_UNIT2_25,In-Service,In-Service,Shared-In-Both
SIRIUS_UNIT2,In-Service,In-Service,Shared-In-Both
KMCHI_1CT101,In-Service,In-Service,Shared-In-Both
TGW_T2,In-Service,In-Service,Shared-In-Both
DDPEC_GT1,In-Service,In-Service,Shared-In-Both
MARIAH_NORTE1,In-Service,In-Service,Shared-In-Both
THW_THWGT54,In-Service,In-Service,Shared-In-Both
DIB_DIB_G4,In-Service,In-Service,Shared-In-Both
GUNMTN_G1,In-Service,In-Service,Shared-In-Both
SPLAIN2_WIND21,In-Service,In-Service,Shared-In-Both
CAPRIDGE_CR3,In-Service,In-Service,Shared-In-Both
TRENT_TRENT,In-Service,In-Service,Shared-In-Both
AEEC_ANTLP_2,In-Service,In-Service,Shared-In-Both
DOWGEN_DOW_G63,In-Service,In-Service,Shared-In-Both
SANDHSYD_SH7,In-Service,In-Service,Shared-In-Both
LV5_UNIT_1,In-Service,In-Service,Shared-In-Both
VISTRON_TG1,In-Service,In-Service,Shared-In-Both
DIGBY_UNIT1,In-Service,In-Service,Shared-In-Both
OWF_OWF,In-Service,In-Service,Shared-In-Both
AMOCOOIL_AMOCO_G2,In-Service,In-Service,Shared-In-Both
LONEWOLF_G4,In-Service,In-Service,Shared-In-Both
TGCCS_UNIT4,In-Service,In-Service,Shared-In-Both
LGW_UNIT2,In-Service,In-Service,Shared-In-Both
LOSTPI_LOSTPGT1,In-Service,In-Service,Shared-In-Both
STP_STP_G2,In-Service,In-Service,Shared-In-Both
REDGATE_AGR_C,In-Service,In-Service,Shared-In-Both
LNCRK2_G871,In-Service,In-Service,Shared-In-Both
FORMOSA_FORMOSG8,In-Service,In-Service,Shared-In-Both
LNCRK2_G872,In-Service,In-Service,Shared-In-Both
DOWGEN_DOW_G81,In-Service,In-Service,Shared-In-Both
INGLCOSW_STG,In-Service,In-Service,Shared-In-Both
DANSBY_DANSBYG2,In-Service,In-Service,Shared-In-Both
DANSBY_DANSBYG3,In-Service,In-Service,Shared-In-Both
BAC_CTG6,In-Service,In-Service,Shared-In-Both
CAMWIND_UNIT1,In-Service,In-Service,Shared-In-Both
THW_THWGT41,In-Service,In-Service,Shared-In-Both
FLCNS_UNIT1,In-Service,In-Service,Shared-In-Both
BVE_UNIT1,In-Service,In-Service,Shared-In-Both
FREC_GT5,In-Service,In-Service,Shared-In-Both
BUFF_GAP_UNIT1,In-Service,In-Service,Shared-In-Both
HRFDWIND_WIND_G,In-Service,In-Service,Shared-In-Both
AUSTPL_AUSTING1,In-Service,In-Service,Shared-In-Both
CASL_GAP_BATTERY1,In-Service,In-Service,Shared-In-Both
BRAUNIG_VHB6CT8,In-Service,In-Service,Shared-In-Both
SWEETWN4_WND4A,In-Service,In-Service,Shared-In-Both
THW_THWST_3,In-Service,In-Service,Shared-In-Both
SL_SL_G2,In-Service,In-Service,Shared-In-Both
GBY_GBYGT82,In-Service,In-Service,Shared-In-Both
AUSTPL_AUSTING2,In-Service,In-Service,Shared-In-Both
INDL_INADALE2,In-Service,In-Service,Shared-In-Both
SALTFORK_UNIT1,In-Service,In-Service,Shared-In-Both
BASTEN_ST0100,In-Service,In-Service,Shared-In-Both
ECLIPSE_UNIT1,In-Service,In-Service,Shared-In-Both
BOSQUESW_BSQSU_5,In-Service,In-Service,Shared-In-Both
COTPLNS_COTTONPL,In-Service,In-Service,Shared-In-Both
THW_THWGT43,In-Service,In-Service,Shared-In-Both
HHGT_HHOLLOW1,In-Service,In-Service,Shared-In-Both
AK_GT01,In-Service,In-Service,Shared-In-Both
CHE_CHEST1,In-Service,In-Service,Shared-In-Both
CCEC_ST1,In-Service,In-Service,Shared-In-Both
CVC_CVC_G3,In-Service,In-Service,Shared-In-Both
MLSES_UNIT1,In-Service,In-Service,Shared-In-Both
GBY_GBYGT83,In-Service,In-Service,Shared-In-Both
WIPOPA_WPP_G4,In-Service,In-Service,Shared-In-Both
DERMOTT_UNIT2,In-Service,In-Service,Shared-In-Both
PYR_ESS,In-Service,In-Service,Shared-In-Both
BVE_UNIT3,In-Service,In-Service,Shared-In-Both
CBY4_ST04,In-Service,In-Service,Shared-In-Both
PSA_PSA_G2,In-Service,In-Service,Shared-In-Both
FREC_GT1,In-Service,In-Service,Shared-In-Both
PSA_PSA_G6,In-Service,In-Service,Shared-In-Both
HAYSEN_HAYSENG1,In-Service,In-Service,Shared-In-Both
GIDEON_GIDEONG2,In-Service,In-Service,Shared-In-Both
OECCS_CT21,In-Service,In-Service,Shared-In-Both
VALERO_VALEROG2,In-Service,In-Service,Shared-In-Both
AMOCOOIL_AMOCO_2,In-Service,In-Service,Shared-In-Both
GUADG_GAS2,In-Service,In-Service,Shared-In-Both
PC_NORTH_PANTHER1,In-Service,In-Service,Shared-In-Both
LARDVFTS_VFT_GEN,In-Service,In-Service,Shared-In-Both
OECCS_CT11,In-Service,In-Service,Shared-In-Both
MARSFO_MARSFOG1,In-Service,In-Service,Shared-In-Both
MCSES_UNIT8,In-Service,In-Service,Shared-In-Both
ATKINS_ATKINSG7,In-Service,In-Service,Shared-In-Both
CAPRIDG4_BB_PV,In-Service,In-Service,Shared-In-Both
GRANDVW1_GV1B,In-Service,In-Service,Shared-In-Both
MIN_RNPCOGEN,In-Service,In-Service,Shared-In-Both
HLSES_UNIT5,In-Service,In-Service,Shared-In-Both
HORSECRK_UNIT1,In-Service,In-Service,Shared-In-Both
RTS_U1,In-Service,In-Service,Shared-In-Both
SANDHSYD_SH2,In-Service,In-Service,Shared-In-Both
LPCCS_CT12,In-Service,In-Service,Shared-In-Both
CALAVERS_JKS2,In-Service,In-Service,Shared-In-Both
THW_THWGT56,In-Service,In-Service,Shared-In-Both
SWEETWN3_WND3B,In-Service,In-Service,Shared-In-Both
BRAUNIG_AVR1_CT1,In-Service,In-Service,Shared-In-Both
MDANP_CT2,In-Service,In-Service,Shared-In-Both
SJS_SJS_G2,In-Service,In-Service,Shared-In-Both
DECKER_DPGT_4,In-Service,In-Service,Shared-In-Both
QALSW_GT2,In-Service,In-Service,Shared-In-Both
REROCK_UNIT2,In-Service,In-Service,Shared-In-Both
SL_SL_G4,In-Service,In-Service,Shared-In-Both
RIONOG_CT1,In-Service,In-Service,Shared-In-Both
RIGGINS_UNIT1,In-Service,In-Service,Shared-In-Both
VICTORIA_VICTORG6,In-Service,In-Service,Shared-In-Both
CCEC_GT1,In-Service,In-Service,Shared-In-Both
TNP_ONE_TNP_O_2,In-Service,In-Service,Shared-In-Both
MARBFA_MARBFAG1,In-Service,In-Service,Shared-In-Both
CPSES_UNIT1,In-Service,In-Service,Shared-In-Both
JACKCNTY_CT2,In-Service,In-Service,Shared-In-Both
LARDVFTN_G5,In-Service,In-Service,Shared-In-Both
DOWGEN_DOW_G83,In-Service,In-Service,Shared-In-Both
WIPOPA_WPP_G2,In-Service,In-Service,Shared-In-Both
MDANP_CT1,In-Service,In-Service,Shared-In-Both
KING_NW_KINGNW,In-Service,In-Service,Shared-In-Both
SANTACRU_UNIT1,In-Service,In-Service,Shared-In-Both
CHAMON_CTG_0101,In-Service,In-Service,Shared-In-Both
WIPOPA_WPP_G3,In-Service,In-Service,Shared-In-Both
DUKE_DUKE_GT1,In-Service,In-Service,Shared-In-Both
DDPEC_ST1,In-Service,In-Service,Shared-In-Both
PANDA_T2_TMPL2CT1,In-Service,In-Service,Shared-In-Both
DIB_DIB_G3,In-Service,In-Service,Shared-In-Both
RAYBURN_RAYBURG9,In-Service,In-Service,Shared-In-Both
LEON_CRK_LCPCT1,In-Service,In-Service,Shared-In-Both
FTWIND_UNIT_1,In-Service,In-Service,Shared-In-Both
MDANP_CT5,In-Service,In-Service,Shared-In-Both
WFCOGEN_UNIT3,In-Service,In-Service,Shared-In-Both
PEARSAL2_AGR_D,In-Service,In-Service,Shared-In-Both
FRNYPP_GT23,In-Service,In-Service,Shared-In-Both
PB2SES_CT5,In-Service,In-Service,Shared-In-Both
BAFFIN_UNIT2,In-Service,In-Service,Shared-In-Both
TNSKA_GT1,In-Service,In-Service,Shared-In-Both
RAYBURN_RAYBURG7,In-Service,In-Service,Shared-In-Both
WAP_WAP_G1,In-Service,In-Service,Shared-In-Both
AEEC_ELK_1,In-Service,In-Service,Shared-In-Both
THW_THWGT32,In-Service,In-Service,Shared-In-Both
AEEC_ELK_3,In-Service,In-Service,Shared-In-Both
AEEC_ANTLP_1,In-Service,In-Service,Shared-In-Both
LPCCS_CT21,In-Service,In-Service,Shared-In-Both
WNDTHST2_UNIT1,In-Service,In-Service,Shared-In-Both
FRNYPP_ST20,In-Service,In-Service,Shared-In-Both
FREC_ST3,In-Service,In-Service,Shared-In-Both
TGCCS_CT1,In-Service,In-Service,Shared-In-Both
HRFDWIND_WIND_V,In-Service,In-Service,Shared-In-Both
PSA_PSA_G3,In-Service,In-Service,Shared-In-Both
DOWGEN_DOW_G82,In-Service,In-Service,Shared-In-Both
SANDHSYD_SH6,In-Service,In-Service,Shared-In-Both
HAYSEN_HAYSENG4,In-Service,In-Service,Shared-In-Both
BAC_CTG5,In-Service,In-Service,Shared-In-Both
RSNAKE_G2,In-Service,In-Service,Shared-In-Both
PAP1_PAP1,In-Service,In-Service,Shared-In-Both
GWEC_GWEC_G1,In-Service,In-Service,Shared-In-Both
DEC_AGR_D,In-Service,In-Service,Shared-In-Both
CAPRIDG4_CR4,In-Service,In-Service,Shared-In-Both
BOSQUESW_BSQSU_1,In-Service,In-Service,Shared-In-Both
FTR_FTR_G2,In-Service,In-Service,Shared-In-Both
DEC_AGR_B,In-Service,In-Service,Shared-In-Both
FORMOSA_FORMOSG2,In-Service,In-Service,Shared-In-Both
LONEWOLF_G1,In-Service,In-Service,Shared-In-Both
KEECHI_U1,In-Service,In-Service,Shared-In-Both
B_DAVIS_B_DAVIG1,In-Service,In-Service,Shared-In-Both
MOZART_WIND_1,In-Service,In-Service,Shared-In-Both
AMOCOOIL_AMOCO_1,In-Service,In-Service,Shared-In-Both
DECKER_DPG2,In-Service,In-Service,Shared-In-Both
TORR_UNIT2_23,In-Service,In-Service,Shared-In-Both
GRANDVW1_GV1A,In-Service,In-Service,Shared-In-Both
MLSES_UNIT2,In-Service,In-Service,Shared-In-Both
FORMOSA_FORMOSG12,In-Service,In-Service,Shared-In-Both
ASTRA_UNIT1,In-Service,In-Service,Shared-In-Both
FERGCC_FERGGT1,In-Service,In-Service,Shared-In-Both
WHCCS2_STG6,In-Service,In-Service,Shared-In-Both
WHCCS_CT1,In-Service,In-Service,Shared-In-Both
GOAT_GOATWIND,In-Service,In-Service,Shared-In-Both
BLSUMMIT_UNIT2_17,In-Service,In-Service,Shared-In-Both
AZ_AZ_G3,In-Service,In-Service,Shared-In-Both
SWEC_G1,In-Service,In-Service,Shared-In-Both
STEAM_STEAM_2,In-Service,In-Service,Shared-In-Both
REROCK_UNIT1,In-Service,In-Service,Shared-In-Both
NEDIN_NEDIN_G2,In-Service,In-Service,Shared-In-Both
TRENT_UNIT_2,In-Service,In-Service,Shared-In-Both
PYR_PYRON1,In-Service,In-Service,Shared-In-Both
WHCCS2_CT5,In-Service,In-Service,Shared-In-Both
FREC_ST6,In-Service,In-Service,Shared-In-Both
PEARSAL2_AGR_C,In-Service,In-Service,Shared-In-Both
ETCCS_UNIT1,In-Service,In-Service,Shared-In-Both
TEN_STG,In-Service,In-Service,Shared-In-Both
QALSW_GT1,In-Service,In-Service,Shared-In-Both
SCLPCOGN_SCLPC_2,In-Service,In-Service,Shared-In-Both
COTTON_PAP2,In-Service,In-Service,Shared-In-Both
DIGBY_UNIT2,In-Service,In-Service,Shared-In-Both
DNDAM_DENISOG1,In-Service,In-Service,Shared-In-Both
PANDA_T2_TMPL2CT2,In-Service,In-Service,Shared-In-Both
CBECII_STG9,In-Service,In-Service,Shared-In-Both
CVC_CVC_G5,In-Service,In-Service,Shared-In-Both
FORMOSA_FORMOSG7,In-Service,In-Service,Shared-In-Both
EXN_EXN_G11,In-Service,In-Service,Shared-In-Both
WRN_TARGA_1,In-Service,In-Service,Shared-In-Both
NCARBIDE_NCARBIG6,In-Service,In-Service,Shared-In-Both
JCKCNTY2_CT4,In-Service,In-Service,Shared-In-Both
THW_THWST_4,In-Service,In-Service,Shared-In-Both
NUECES_B_NUECESG9,In-Service,In-Service,Shared-In-Both
DCSES_CT30,In-Service,In-Service,Shared-In-Both
BTE_BTE_G2,In-Service,In-Service,Shared-In-Both
EXN_EXN_G12,In-Service,In-Service,Shared-In-Both
BLSUMMIT_UNIT2_25,In-Service,In-Service,Shared-In-Both
LPCCS_UNIT1,In-Service,In-Service,Shared-In-Both
TAHOKA_UNIT_2,In-Service,In-Service,Shared-In-Both
SILASRAY_SILAS_10,In-Service,In-Service,Shared-In-Both
WAP_WAP_G4,In-Service,In-Service,Shared-In-Both
GRSES_UNIT1,In-Service,In-Service,Shared-In-Both
OXY_CC_OXY_CCG1,In-Service,In-Service,Shared-In-Both
HHOLLOW2_WIND1,In-Service,In-Service,Shared-In-Both
BAC_CTG4,In-Service,In-Service,Shared-In-Both
SCLPCOGN_SCLPC_4,In-Service,In-Service,Shared-In-Both
LNCRK_G83,In-Service,In-Service,Shared-In-Both
SKY1_SKY1A,In-Service,In-Service,Shared-In-Both
ECEC_G1,In-Service,In-Service,Shared-In-Both
VISTRON_TG2,In-Service,In-Service,Shared-In-Both
PSG_PSG_GT3,In-Service,In-Service,Shared-In-Both
FREC_GT2,In-Service,In-Service,Shared-In-Both
KING_SW_KINGSW,In-Service,In-Service,Shared-In-Both
BTE_BTE_G4,In-Service,In-Service,Shared-In-Both
PSA_PSA_G5,In-Service,In-Service,Shared-In-Both
AMISTAD_AMISTAG2,In-Service,In-Service,Shared-In-Both
AEEC_ELK_2,In-Service,In-Service,Shared-In-Both
NCARBIDE_NCARBIG7,In-Service,In-Service,Shared-In-Both
MESQCRK_WND2,In-Service,In-Service,Shared-In-Both
AMISTAD_AMISTAG1,In-Service,In-Service,Shared-In-Both
MGSES_CT4,In-Service,In-Service,Shared-In-Both
CAPRIDGE_CR1,In-Service,In-Service,Shared-In-Both
NCARBIDE_NCARBIG5,In-Service,In-Service,Shared-In-Both
HLSES_UNIT4,In-Service,In-Service,Shared-In-Both
MGSES_CT2,In-Service,In-Service,Shared-In-Both
TXCTY_CTA,In-Service,In-Service,Shared-In-Both
WAP_WAP_G6,In-Service,In-Service,Shared-In-Both
NCARBIDE_NCARBIG2,In-Service,In-Service,Shared-In-Both
LHORN_N_UNIT2,In-Service,In-Service,Shared-In-Both
BBREEZE_UNIT2,In-Service,In-Service,Shared-In-Both
WCPP_CT1,In-Service,In-Service,Shared-In-Both
SANDHSYD_SH4,In-Service,In-Service,Shared-In-Both
AZ_AZ_G4,In-Service,In-Service,Shared-In-Both
PB2SES_CT3,In-Service,In-Service,Shared-In-Both
CFLATS_U1,In-Service,In-Service,Shared-In-Both
MIL_MILLERG3,In-Service,In-Service,Shared-In-Both
LMESASLR_UNIT1,In-Service,In-Service,Shared-In-Both
FLCNS_UNIT3,In-Service,In-Service,Shared-In-Both
BOOTLEG_UNIT1,In-Service,In-Service,Shared-In-Both
CBEC_GT3,In-Service,In-Service,Shared-In-Both
SALVTION_UNIT2,In-Service,In-Service,Shared-In-Both
OLINGR_OLING_3,In-Service,In-Service,Shared-In-Both
WIPOPA_WPP_G1,In-Service,In-Service,Shared-In-Both
FERMI_WIND2,In-Service,In-Service,Shared-In-Both
MGSES_CT5,In-Service,In-Service,Shared-In-Both
HHGT_HHOLLOW3,In-Service,In-Service,Shared-In-Both
ECEC_G2,In-Service,In-Service,Shared-In-Both
FORMOSA_FORMOSG10,In-Service,In-Service,Shared-In-Both
CAL_CALSTG1,In-Service,In-Service,Shared-In-Both
BUCKTHRN_UNIT2,In-Service,In-Service,Shared-In-Both
INGLCOSW_CTG1,In-Service,In-Service,Shared-In-Both
KMCHI_2CT101,In-Service,In-Service,Shared-In-Both
NCARBIDE_NCARBIG3,In-Service,In-Service,Shared-In-Both
RDCANYON_RDCNY1,In-Service,In-Service,Shared-In-Both
DOWGEN_DOW_ST64,In-Service,In-Service,Shared-In-Both
OECCS_CT22,In-Service,In-Service,Shared-In-Both
BOSQUESW_BSQSU_3,In-Service,In-Service,Shared-In-Both
INDNNWP_INDNNWP2,In-Service,In-Service,Shared-In-Both
FALCON_FALCONG3,In-Service,In-Service,Shared-In-Both
PH2_UNIT1,In-Service,In-Service,Shared-In-Both
FLUVANNA_UNIT2,In-Service,In-Service,Shared-In-Both
SCSES_UNIT1A,In-Service,In-Service,Shared-In-Both
BAFFIN_UNIT1,In-Service,In-Service,Shared-In-Both
TRENT_UNIT_1B,In-Service,In-Service,Shared-In-Both
CAPRIDGE_CR2,In-Service,In-Service,Shared-In-Both
MIRASOLE_MIR12,In-Service,In-Service,Shared-In-Both
GBY_GBYGT84,In-Service,In-Service,Shared-In-Both
HHGT_CALLAHAN,In-Service,In-Service,Shared-In-Both
STEAM_ENGINE_1,In-Service,In-Service,Shared-In-Both
THW_THWGT53,In-Service,In-Service,Shared-In-Both
SANDHSYD_SH_5C,In-Service,In-Service,Shared-In-Both
PH2_UNIT2,In-Service,In-Service,Shared-In-Both
FRNYPP_GT22,In-Service,In-Service,Shared-In-Both
TKWSW1_ROSCOE2A,In-Service,In-Service,Shared-In-Both
CALAVERS_OWS1,In-Service,In-Service,Shared-In-Both
STP_STP_G1,In-Service,In-Service,Shared-In-Both
FREC_GT4,In-Service,In-Service,Shared-In-Both
GRANDVW1_COLA,In-Service,In-Service,Shared-In-Both
RSNAKE_G1,In-Service,In-Service,Shared-In-Both
NWF_NBS,In-Service,In-Service,Shared-In-Both
WFCOGEN_UNIT4,In-Service,In-Service,Shared-In-Both
WIRTZ_WIRTZ_G2,In-Service,In-Service,Shared-In-Both
LHSES_UNIT2A,In-Service,In-Service,Shared-In-Both
BVE_UNIT2,In-Service,In-Service,Shared-In-Both
PC_SOUTH_PANTHER2,In-Service,In-Service,Shared-In-Both
THW_THWGT52,In-Service,In-Service,Shared-In-Both
NEDIN_NEDIN_G1,In-Service,In-Service,Shared-In-Both
WL_RANCH_UNIT1,In-Service,In-Service,Shared-In-Both
WAP_WAP_G5,In-Service,In-Service,Shared-In-Both
DOWGEN_DOW_G67,In-Service,In-Service,Shared-In-Both
OECCS_CT12,In-Service,In-Service,Shared-In-Both
SGMTN_SIGNALM2,In-Service,In-Service,Shared-In-Both
GPASTURE_WIND_I,In-Service,In-Service,Shared-In-Both
INKSDA_INKS_G1,In-Service,In-Service,Shared-In-Both
RAYBURN_RAYBURG8,In-Service,In-Service,Shared-In-Both
MGSES_CT1,In-Service,In-Service,Shared-In-Both
RIONOG_CT2,In-Service,In-Service,Shared-In-Both
TTWEC_G1,In-Service,In-Service,Shared-In-Both
SPLAIN1_WIND2,In-Service,In-Service,Shared-In-Both
BORDAS_JAVEL18,In-Service,In-Service,Shared-In-Both
CSEC_CSECG2,In-Service,In-Service,Shared-In-Both
BYU_BYU_G8,In-Service,In-Service,Shared-In-Both
NCARBIDE_NCARBIG1,In-Service,In-Service,Shared-In-Both
SCLPCOGN_SCLPC_3,In-Service,In-Service,Shared-In-Both
KOCH_UP_KOCHUPG1,In-Service,In-Service,Shared-In-Both
KING_SE_KINGSE,In-Service,In-Service,Shared-In-Both
QALSW_GT4,In-Service,In-Service,Shared-In-Both
CALHOUN_UNIT2,In-Service,In-Service,Shared-In-Both
EXN_EXN_G3,In-Service,In-Service,Shared-In-Both
FERGCC_FERGGT2,In-Service,In-Service,Shared-In-Both
CEDROHIL_CHW2,In-Service,In-Service,Shared-In-Both
BRAUNIG_AVR1_ST,In-Service,In-Service,Shared-In-Both
CARBN_BSP_1,In-Service,In-Service,Shared-In-Both
CELANEBI_CELANEG1,In-Service,In-Service,Shared-In-Both
BYU_BYU_G4,In-Service,In-Service,Shared-In-Both
WIRTZ_WIRTZ_G1,In-Service,In-Service,Shared-In-Both
LEG_LEG_G2,In-Service,In-Service,Shared-In-Both
NUECES_B_NUECESG7,In-Service,In-Service,Shared-In-Both
DECKER_DPGT_1,In-Service,In-Service,Shared-In-Both
PSG_PSG_GT2,In-Service,In-Service,Shared-In-Both
B_DAVIS_B_DAVIG3,In-Service,In-Service,Shared-In-Both
DDPEC_GT2,In-Service,In-Service,Shared-In-Both
SCES_UNIT1,In-Service,In-Service,Shared-In-Both
INDL_INADALE1,In-Service,In-Service,Shared-In-Both
JACKCNTY_CT1,In-Service,In-Service,Shared-In-Both
CPSES_UNIT2,In-Service,In-Service,Shared-In-Both
MDANP_CT3,In-Service,In-Service,Shared-In-Both
EAGLE_HY_EAGLE_HY3,In-Service,In-Service,Shared-In-Both
KMCHI_2CT201,In-Service,In-Service,Shared-In-Both
COTPLNS_OLDSETLR,In-Service,In-Service,Shared-In-Both
WAP_WAP_G2,In-Service,In-Service,Shared-In-Both
EXGNWTL_WIND_1,In-Service,In-Service,Shared-In-Both
BTE_BTE_G1,In-Service,In-Service,Shared-In-Both
CALAVERS_JKS1,In-Service,In-Service,Shared-In-Both
SKY1_SKY1B,In-Service,In-Service,Shared-In-Both
HOVEY_UNIT2,In-Service,In-Service,Shared-In-Both
JCKCNTY2_ST2,In-Service,In-Service,Shared-In-Both
LOSTPI_LOSTPGT2,In-Service,In-Service,Shared-In-Both
SCSES_UNIT2,In-Service,In-Service,Shared-In-Both
GRSES_UNIT2,In-Service,In-Service,Shared-In-Both
NA_CTG2,In-Service,In-Service,Shared-In-Both
REDGATE_AGR_B,In-Service,In-Service,Shared-In-Both
MCSES_UNIT7,In-Service,In-Service,Shared-In-Both
SRWE1_SRWE2,In-Service,In-Service,Shared-In-Both
OCI_ALM1_UNIT1,In-Service,In-Service,Shared-In-Both
HOVEY_UNIT1,In-Service,In-Service,Shared-In-Both
NUECES_B_NUECESG8,In-Service,In-Service,Shared-In-Both
SPPKM_CTB,In-Service,In-Service,Shared-In-Both
ROUTE_66_WIND1,In-Service,In-Service,Shared-In-Both
CCEC_GT2,In-Service,In-Service,Shared-In-Both
COLETO_COLETOG1,In-Service,In-Service,Shared-In-Both
BAC_CTG3,In-Service,In-Service,Shared-In-Both
PH1_UNIT1,In-Service,In-Service,Shared-In-Both
WFCOGEN_UNIT1,In-Service,In-Service,Shared-In-Both
SJS_SJS_G1,In-Service,In-Service,Shared-In-Both
PB2SES_CT1,In-Service,In-Service,Shared-In-Both
AMOCOOIL_AMOCO_S1,In-Service,In-Service,Shared-In-Both
LOSTPI_LOSTPST1,In-Service,In-Service,Shared-In-Both
MIRASOLE_MIR21,In-Service,In-Service,Shared-In-Both
HWF_HWFG1,In-Service,In-Service,Shared-In-Both
EXN_EXN_G13,In-Service,In-Service,Shared-In-Both
WAP_WAP_G3,In-Service,In-Service,Shared-In-Both
DC_ROAD_DC_ROAD,In-Service,In-Service,Shared-In-Both
MCDLD_FCW1,In-Service,In-Service,Shared-In-Both
DUPV1_DUPV1_G1,In-Service,In-Service,Shared-In-Both
GIDEON_GIDEONG1,In-Service,In-Service,Shared-In-Both
JACKCNTY_STG,In-Service,In-Service,Shared-In-Both
BYU_BYU_G3,In-Service,In-Service,Shared-In-Both
CAL_CALGT1,In-Service,In-Service,Shared-In-Both
BSF_GN,In-Service,In-Service,Shared-In-Both
TAM_GTG1,In-Service,In-Service,Shared-In-Both
QALSW_STG2,In-Service,In-Service,Shared-In-Both
FORMOSA_FORMOSG5,In-Service,In-Service,Shared-In-Both
SSPURTWO_WIND_1,In-Service,In-Service,Shared-In-Both
DNDAM_DENISOG2,In-Service,In-Service,Shared-In-Both
CALHOUN_UNIT1,In-Service,In-Service,Shared-In-Both
RAYBURN_RAYBURG10,In-Service,In-Service,Shared-In-Both
FORMOSA_FORMOSG3,In-Service,In-Service,Shared-In-Both
TKWSW1_ROSCOE,In-Service,In-Service,Shared-In-Both
LGD_LANGFORD,In-Service,In-Service,Shared-In-Both
TORR_UNIT1_25,In-Service,In-Service,Shared-In-Both
THW_THWGT55,In-Service,In-Service,Shared-In-Both
